Qe_PHYS_W,Qe_ANN_W
7670.856465,7627.548146
26795.48465,26877.6378
20279.30333,20392.70492
5466.756712,5481.755508
31044.88297,30925.1873
20376.28439,20469.26633
6954.798977,6986.042429
25150.18043,25076.90137
26397.87825,26518.12086
11471.76696,11437.32319
17228.29634,17000.44264
25302.44921,25012.29528
6474.462702,6537.864073
15106.16201,15187.12994
10101.67235,10032.67871
6177.236206,6283.314011
11460.90518,11479.60888
5681.8291,5706.595046
8997.382674,9063.567629
8137.650132,8230.731741
8306.406556,8414.365623
6727.019768,6803.473408
8683.135778,8757.130097
25598.04618,25563.40031
10536.89285,10504.46626
5782.595247,5789.357844
28536.96723,28675.88678
6698.976494,6759.463153
26593.30879,26302.39347
11460.58334,11603.88739
6646.059592,6728.903
12894.53037,12918.70019
6536.233979,6624.921634
6158.993793,6232.324167
13802.87093,13803.29089
5419.650405,5371.79753
20577.73364,20602.78126
11945.86001,11924.29239
18470.29195,18427.53711
5160.533395,5141.660742
9127.836549,9148.941759
9669.654576,9527.415554
6174.960891,6249.360488
8808.617949,8873.731269
19301.92816,19402.14513
34093.41593,33801.42838
5701.54295,5700.640648
7983.586686,7986.092205
15519.65966,15477.22006
5573.738185,5595.019419
25060.64551,24938.49685
7474.470797,7434.443745
8722.264691,8798.312434
8567.64848,8607.706915
17409.99121,17607.90385
6794.664491,6808.276547
17171.93296,17350.35321
9101.01262,9136.938815
7570.888532,7522.43028
16244.87748,15989.08841
5691.018387,5733.485917
5815.111067,5853.041804
5750.166073,5769.355602
16084.61015,16070.14485
6636.405907,6688.487134
11495.51855,11442.35303
14899.16479,14873.95877
10060.74392,9882.788992
6667.127954,6723.639723
6282.91387,6340.819129
10935.19198,10948.83977
28356.3134,28384.44742
6911.462855,6923.749249
5384.144284,5340.240598
6456.808059,6518.409084
10860.25426,10866.98906
9601.052587,9558.368947
9976.03549,10011.34974
6589.249186,6658.796486
12363.44621,12358.50277
14084.67017,14099.5887
10247.68473,10220.87144
11982.80263,11931.69748
17648.36901,17639.43265
25343.76012,25369.11591
12038.55954,12085.80172
5431.810285,5422.677837
23816.5601,23986.57524
7815.067897,7804.968667
26575.9193,26734.47398
33134.24638,32941.85128
7189.205496,7128.656271
8831.019068,8956.151729
21588.15342,21853.74453
15301.39841,15291.67204
7876.284629,7903.285177
23238.00221,23156.95776
14374.73899,14359.40059
6912.83842,6963.134067
7806.920927,7834.290211
5273.066884,5227.761956
6936.734182,6936.897596
8950.667848,9030.542054
8677.427513,8783.264196
7414.491988,7386.950176
29463.98693,29440.57107
15352.05084,15320.40668
5592.383637,5598.525834
7532.942795,7502.221223
6624.977686,6688.097728
12458.71098,12322.10783
5537.50711,5525.06205
6733.505285,6768.899853
5383.630703,5374.218595
18599.57042,18576.3442
14068.72333,14150.74669
8912.849479,8950.315594
7678.781967,7746.123365
19442.75767,19363.18492
17652.5761,17613.67424
5542.717356,5660.975957
5733.689266,5793.435188
5500.518249,5511.073566
7567.827394,7521.242664
14866.8864,14734.51185
9159.238894,9193.699343
8915.386328,9040.966272
5423.493372,5413.657685
23644.00441,23254.40662
18021.14613,17849.37109
6850.639479,6882.083516
7498.496323,7425.868383
8177.812282,8222.672741
6442.086957,6549.693086
7706.76507,7679.335302
10779.88678,10720.20577
7948.521843,8014.916054
15820.49001,15907.26016
19192.64383,19178.5691
8594.35343,8649.051417
17063.5621,17106.14057
8337.225926,8420.649425
11759.48969,11792.11748
8085.569758,8134.317732
20160.63496,20299.00392
23207.03918,23188.21388
17982.98501,18045.95276
16450.22532,16334.43893
12839.96316,12905.99742
8804.343307,8857.35269
7382.744867,7303.713715
22861.22406,22834.79819
9589.64587,9733.644174
23951.51697,23664.53319
5312.400955,5256.101477
6267.080375,6366.846121
31797.21288,31508.52115
9762.133557,9627.480212
8901.87156,8971.944853
9006.622573,9045.586081
6642.566025,6732.161452
8159.76198,8224.624991
8231.165996,8303.448018
5270.843405,5188.686151
13366.69291,13340.90214
6138.523035,6231.976233
7699.99361,7776.689969
5469.775983,5431.1165
15591.1886,15710.01398
5973.243143,6032.992872
6934.447319,6986.241334
6280.053223,6379.356836
17132.95426,16848.80647
6557.525152,6636.849414
18930.92448,18925.06237
19102.70814,19096.1677
16126.64542,15943.01141
9819.843084,9871.356227
13117.58046,13057.73061
30184.54186,30142.87591
14609.77166,14555.18588
10290.78022,10081.85121
18055.0638,17792.21126
31157.16981,31044.79897
9835.920664,9906.078449
6709.761038,6784.615393
8774.898658,8866.017051
6727.494384,6805.57711
10291.34771,10240.17399
7060.809373,7036.589666
6184.376171,6255.626964
13830.96559,13893.77266
31262.33229,31445.28868
6006.871877,6007.762364
11812.61782,11799.68543
29820.60437,29754.54342
6807.822613,6838.391233
24130.88743,24231.50476
10350.96381,10315.21538
11737.55382,11812.05907
7991.52327,8060.942124
14571.73683,14645.98012
16805.51821,16986.09898
7506.245246,7440.292414
6243.223548,6308.272628
9701.845817,9669.384123
5429.59033,5472.774158
8133.0118,8171.413604
7681.331111,7616.450231
7182.244297,7180.969036
8418.713983,8508.284052
20054.48379,20270.58143
10536.58807,10401.48034
7355.797977,7333.484005
10762.07645,10825.17862
11265.48836,11279.2299
9177.864498,9211.548605
8836.858668,8937.138245
21526.73179,21717.28292
5802.194905,5823.533719
15561.97615,15703.79685
17000.08359,16884.0279
6884.527496,6906.503184
12764.40401,12708.56033
10256.08674,10279.96111
17261.32459,17151.83988
17921.09963,17715.8218
7109.997846,7092.997903
5443.293228,5431.938938
14115.89098,13996.41067
10853.78528,10817.2826
18060.46875,17785.91024
6854.554017,6891.699851
7471.243166,7485.722177
12081.54969,12005.85896
11300.32992,11330.90134
6345.003909,6454.579831
5415.567064,5389.311264
7102.306681,7060.273822
11796.55682,11804.24439
6852.298856,6891.625546
11951.32216,11923.71965
16045.69685,15763.80838
6366.126855,6470.71674
9678.737464,9618.987985
6896.996778,6938.55523
16847.88367,16771.18602
9548.801269,9526.728083
8555.299422,8591.685044
7991.411868,7991.12342
18570.87962,18655.57495
20172.40214,20189.00971
13092.92364,12934.99303
11812.99289,11817.28189
29691.25589,29962.21106
7540.592388,7566.216001
7371.076354,7307.936242
8141.369857,8221.087266
7645.043914,7570.718605
5302.425225,5335.420346
9083.91837,9135.038974
20322.33302,20601.73019
8509.625036,8570.856015
9224.909482,9236.968525
7620.441719,7557.553289
5468.618849,5475.07977
7500.985873,7435.385823
7307.289034,7313.988052
6341.611992,6416.304859
7918.922821,7950.328475
15604.89682,15608.9131
11237.52811,11247.00808
6452.035556,6565.016609
13662.95425,13636.06368
6181.181533,6272.798084
5765.125996,5779.549515
9034.261309,9063.138536
7885.969962,7870.60837
6840.922559,6927.537101
11931.46788,12008.59985
8485.367596,8604.626217
6248.112559,6340.289241
12087.14878,12138.39334
11565.69579,11770.22283
25977.34963,26411.9774
11249.14318,11328.39354
15620.07972,15610.67522
7814.457967,7872.619169
10658.61039,10583.62048
7772.151717,7782.199276
16883.62784,16647.36808
10330.83796,10180.64815
7212.12125,7181.172409
8408.612442,8481.524976
18672.2462,18529.2653
15953.75481,15858.38695
14601.44454,14651.0777
10048.46965,9912.48164
7459.510247,7464.030829
9993.37019,10034.07281
5823.643288,5929.173775
17939.64768,17951.94517
6196.729461,6277.39718
6786.019711,6881.884875
5267.445951,5203.972238
24182.8005,24249.50769
8242.74065,8279.425279
9486.039568,9586.072479
12951.86332,12883.93442
14801.40485,14884.51138
7002.013914,7008.183033
5913.329051,5988.885542
10529.48771,10382.57949
6630.962713,6705.010959
5987.948364,6062.238258
27073.16257,27034.90443
7601.82008,7515.091154
13557.41245,13574.68382
10286.98252,10252.98369
5342.570183,5336.495565
9317.52938,9335.730505
6855.117497,6887.358878
9635.465981,9652.497172
14959.11888,15050.62877
25232.65908,25309.23552
11360.8614,11479.47182
21211.65906,21467.67512
9172.333224,9242.142873
8000.125615,8020.717418
24845.11954,24754.63668
17289.73328,17016.28749
8651.489099,8716.78861
8705.250337,8760.726127
5916.334026,5986.686948
11824.4856,11823.79189
13878.0368,13949.29727
16308.62659,16136.91604
11669.31029,11726.53733
9416.796444,9412.433073
9321.266904,9286.176135
19949.79021,20128.57891
26549.07485,26559.51611
18163.63219,18267.14153
16331.75054,16018.05263
6766.703119,6830.274165
10824.15254,10731.79473
26356.66983,26564.93755
21440.86786,21504.40589
11052.60759,10982.06774
9242.768246,9286.539199
24677.70162,24868.09589
10107.87667,9914.613862
19150.3299,19191.72706
10361.30091,10342.41729
6510.817908,6575.202567
7802.13545,7835.50759
16261.02496,16235.51415
5739.100832,5773.151711
10614.77983,10693.5264
8351.143586,8414.292205
26426.40462,26826.41432
14069.9689,14145.53051
16082.69032,16179.15331
24222.73429,24021.08032
5762.980363,5774.004355
6713.888513,6755.464209
6590.927914,6674.548269
11966.25663,12050.90644
9912.773058,9877.19879
7165.915649,7171.257062
10892.66794,10861.72893
7044.934794,7020.235308
17308.05214,17314.51216
9385.999029,9405.827588
5924.572239,5995.378752
6261.258115,6355.532622
6893.858608,6953.456265
6834.09502,6844.429688
9667.783809,9559.730622
14519.7184,14578.96473
28544.5223,28673.41865
30604.43327,30331.42282
9579.600907,9645.228138
28637.426,28554.00353
6706.122072,6724.026555
13207.85127,13234.81248
5247.823682,5233.575909
20438.60252,20743.53121
7608.375677,7554.172026
5803.446387,5895.685746
23923.98607,24272.1852
6496.063979,6583.871838
10207.54627,10234.40401
15407.99112,15473.36816
9618.950599,9534.546117
7329.86016,7333.289674
15734.4012,15748.17511
19250.32305,19283.62211
22067.15524,22090.09125
9771.682724,9755.811277
6841.270501,6854.025067
24179.97931,23891.73014
16823.26692,16607.72627
6281.362999,6370.603254
5690.713442,5773.468291
6853.870259,6899.461327
14332.85557,14399.86493
11022.80972,11004.27422
9236.52103,9272.306758
15778.15232,15815.68414
25314.23495,25238.21542
9281.487493,9265.209072
7705.292021,7773.87356
6724.86654,6803.685136
6899.610903,6946.269972
24307.01985,24153.03437
17773.57953,17836.26785
9538.844606,9543.450763
7742.489354,7710.545416
5325.864061,5276.925251
11877.36457,11931.85893
7779.626054,7844.637932
9893.304284,9844.873215
5712.053402,5739.278003
14623.43944,14739.80409
9342.369546,9334.871651
7055.881961,7019.989509
7904.378594,7938.340586
8380.86379,8468.316655
13152.38793,13053.03413
17758.81329,17727.49895
23131.14507,23009.6115
22455.20742,22386.59027
5817.685866,5904.488528
7549.332584,7484.924023
7169.606994,7130.078718
6392.887357,6463.897774
7618.055351,7568.904284
8689.476456,8757.261784
19611.42704,19693.87503
6633.520201,6690.49317
8472.588344,8534.361692
8067.79346,8137.320273
15538.37065,15539.52494
9258.553568,9279.834477
10359.36086,10294.72348
24032.00773,23842.82354
5355.628395,5273.428153
17880.64755,17915.68211
15817.35669,15797.58803
31213.69113,31046.88958
5363.47944,5388.210116
11645.45633,11744.99618
8129.008932,8181.274332
8922.341165,9046.579905
10923.94304,10896.84057
24747.04241,24567.25851
16846.88213,16907.17225
8934.577097,9012.229163
20819.46493,20938.87234
5885.202342,5948.453986
7784.020745,7808.816378
18402.51618,18217.79142
11471.02633,11609.80556
7648.72286,7653.531679
17576.75008,17382.61807
7263.410026,7198.071627
11553.72779,11602.2497
7392.859457,7391.849932
5665.460654,5727.348376
9849.851592,9861.7143
7496.787346,7432.021415
23293.82154,23102.85155
7377.537679,7350.027359
6514.067356,6557.905174
6237.139885,6337.439904
5931.435121,5937.255074
7641.105668,7646.468694
6626.561876,6710.454695
5652.77072,5664.330175
6857.59954,6892.151105
20410.77515,20745.24003
16722.99466,16786.3692
11902.54512,11949.67547
5990.176027,6076.047578
7576.487629,7486.942034
10235.20348,10029.34934
7720.383343,7680.24478
8479.616803,8504.038356
6981.993107,6998.685689
9410.576019,9407.175018
24671.23666,24612.84405
12959.91813,12772.01997
7935.354481,8027.238227
6508.487089,6575.387763
7340.61494,7271.874751
23683.20918,23438.80001
6435.538429,6537.074038
10865.08532,10773.24494
8406.996647,8510.468148
17704.27421,17647.13031
15588.86324,15720.35963
6006.199494,6149.166863
7998.575542,8041.239202
14525.20593,14656.85987
7833.391173,7821.460571
17468.1215,17459.01027
8573.24423,8592.539081
8180.98248,8236.547842
7771.549988,7770.959183
7278.312329,7299.168893
9866.664997,9684.981185
5800.217514,5828.650179
32020.61468,31668.97164
7781.427427,7744.476091
9907.620139,9817.068944
6401.032553,6469.587719
11433.45947,11524.52178
8403.600186,8456.091319
7657.743508,7689.164383
7673.405302,7613.084168
8802.248965,8908.320624
17575.13869,17536.16786
12728.28328,12755.27254
13296.361,13154.63288
18501.63869,18607.85315
10788.72297,10682.46052
6228.5952,6328.622142
6570.999804,6646.871693
12922.94342,12947.88387
10319.50838,10259.00647
30067.35496,29917.22758
19249.62721,19375.10975
7460.569442,7393.244437
22920.73072,22781.86506
6190.428262,6246.918462
12605.30229,12593.04828
21155.02497,21436.0754
5547.063841,5582.023375
7772.089174,7748.278366
24201.19552,24473.66114
29141.25599,29399.77349
9009.971956,9008.687599
6738.527364,6793.089676
10881.34751,10902.03771
15372.03672,15462.4859
5928.243615,5974.357315
8308.223874,8370.363177
5953.76829,6015.072278
9721.395441,9588.992777
24919.80639,25017.94591
5291.661844,5221.778756
26358.09983,26718.05978
6454.767384,6526.715574
5703.943284,5804.006578
13833.37499,13861.1254
13676.34718,13724.26107
12134.62076,12182.22462
7672.767961,7662.792364
13247.45831,13189.78001
21820.2549,21650.7068
8990.223036,9114.129065
5756.131068,5851.229235
7997.453525,8007.181413
7224.087038,7169.457273
8474.125943,8532.498046
7339.904146,7310.181508
10720.05534,10633.45147
18822.30117,18841.86335
6809.533584,6855.865196
11247.46627,11212.1161
17721.01254,17498.59602
12681.9357,12663.87402
10024.13911,9926.263115
11370.81871,11483.7588
8982.55556,8993.449607
6796.658098,6830.616413
10819.7599,10686.31599
6428.712366,6496.129406
20622.89214,20801.56721
12751.16794,12779.13805
7728.05172,7815.655757
16149.08788,16027.77102
5997.418826,6084.083124
19762.46751,20011.78947
6826.011842,6875.158702
7200.105266,7139.938952
6532.427116,6627.557805
7183.958563,7208.938947
7518.609682,7528.330771
11573.97165,11578.00184
7020.054702,7040.235223
6520.81586,6607.310645
7671.0056,7703.315029
6012.989995,6074.34177
24918.86314,24656.62305
7750.108225,7753.677925
22382.67279,22384.2992
7177.008613,7133.154968
21832.48265,21710.18345
6745.866366,6815.616153
29679.00409,29479.28047
14324.07157,14402.38683
9423.188101,9408.952751
17634.94477,17835.91119
8225.099182,8331.468534
8017.863334,8003.463354
8762.560209,8821.350382
7721.605533,7695.894155
28582.88122,28795.95756
7153.924543,7119.418578
8588.844204,8636.449789
14948.10433,14869.816
8396.062102,8488.566547
13406.61502,13270.86692
16661.23974,16735.2301
28279.02165,28234.82218
7659.007151,7667.708004
7059.660053,7030.014421
6967.655143,6962.508349
16886.83544,16726.99818
25842.09128,25679.23157
12454.13357,12479.23338
13221.42829,13179.56305
18303.45707,18276.55606
13921.84279,13908.62358
5644.59131,5660.473661
9156.299522,9206.282242
5601.558381,5626.539014
11774.19637,11831.28054
9912.873434,9842.872926
8782.778787,8887.836349
7912.905955,7926.575374
12229.15165,12184.95471
19481.98562,19649.79439
9497.989102,9515.642431
26648.10487,26903.07255
30361.02795,30672.79566
6742.061517,6767.31439
7574.53736,7576.506435
24717.5051,24347.5954
7083.262022,7055.290576
6299.173858,6408.972236
6655.193937,6767.290032
9028.92849,9054.105468
8794.926068,8889.506809
5590.41214,5632.33085
8382.222112,8488.154252
7381.839219,7311.177293
10720.21622,10736.64671
16803.99264,16360.84899
13679.24143,13711.1578
24539.06594,24232.87605
14777.9797,14811.34228
25865.82963,25703.03842
5920.075898,6025.724588
11720.36653,11816.15737
15090.94285,15156.37944
5562.672367,5587.942095
8722.188551,8841.177639
20365.7277,20598.80213
9510.053454,9425.335631
18771.20945,18711.72408
32676.75554,32281.72005
7502.032761,7539.276002
9734.580283,9638.558339
21506.19483,21599.03301
19490.16728,19575.3589
6304.732744,6408.60042
6230.520393,6315.778934
19485.34817,19590.25467
8202.330359,8287.598252
9474.021615,9386.923774
8412.170996,8513.971021
8678.069209,8736.521214
9248.871157,9237.933533
8087.947686,8163.056057
24521.18618,24535.80129
6918.206909,6902.617901
20632.97609,20748.64665
11198.51171,11159.1828
5574.029857,5619.401665
12799.37191,12813.43006
28829.1535,28996.40164
6405.958382,6478.156776
5858.719477,5900.672008
10835.59672,10734.29143
7782.562014,7752.636693
26276.7197,26230.81432
6265.807859,6366.739737
5883.8706,5943.565635
16102.65517,16123.57125
12765.93598,12727.79724
6553.886263,6646.865899
14505.89808,14602.30612
6282.069537,6344.086549
9205.911462,9284.066577
5493.809139,5479.175407
17235.00882,17254.79397
8429.529995,8494.477772
24145.60925,24162.99131
10032.86056,10003.67667
9248.323649,9308.031036
7374.092513,7340.564565
13337.40902,13212.24639
7355.422288,7327.852078
5414.445237,5422.174373
9606.454202,9488.263437
13517.20267,13532.08025
16011.12313,16028.26065
7112.538511,7101.631425
10372.38284,10316.90018
6034.788599,6105.780822
12225.76529,12211.15035
6082.227322,6171.329417
7501.304549,7409.373299
19506.63972,19501.09863
6460.476458,6534.39418
8679.899643,8728.048547
6820.02609,6849.510191
5960.622528,5993.185197
12609.68993,12596.4126
15265.42292,15217.88955
7479.588858,7399.615537
11330.09051,11350.19589
6639.227643,6691.335921
10183.96474,10127.12702
14066.05668,14044.10468
6431.377859,6560.900037
12301.9902,12355.67295
7333.999468,7303.015881
16125.22611,16015.51293
11741.39563,11906.0071
23208.47773,23142.79744
5797.402979,5800.494987
5472.686874,5537.346607
9082.524693,9071.142267
11637.68496,11814.98229
6786.497636,6815.351158
14130.48264,14060.4403
6275.140155,6385.907926
7421.366616,7437.831882
27551.36838,27762.00457
7958.983789,8048.339859
6533.601442,6584.582364
6327.518055,6388.485875
16460.78071,16485.50099
17683.0102,17711.03842
11867.03855,11805.22322
6453.211558,6520.559322
6749.102013,6801.834544
7877.090942,7963.413498
10065.77426,9857.200613
21130.69193,21198.80782
20646.59057,20677.08294
6304.66044,6366.917743
8914.393706,8949.790948
8497.556144,8580.750815
16703.32835,16897.52128
27257.48885,27266.84348
16967.53354,16853.16354
7854.220762,7861.17803
6677.541412,6742.507135
29454.40024,29333.90985
6882.525338,6898.519943
21297.45265,21449.33933
7507.804074,7476.618141
9085.669695,9142.94398
14902.50424,14957.1885
5924.123942,6009.245022
7799.380833,7831.010995
6810.45485,6867.204841
7137.1847,7120.664303
17144.93027,17268.01409
8874.635804,8897.955201
5969.858816,6037.891849
18216.43785,18111.09757
18999.4065,18756.03693
21419.83015,21756.12934
6188.43443,6264.676843
5402.997419,5381.840184
13626.91703,13633.81589
15417.89458,15330.04925
8216.404296,8282.357937
16621.25157,16625.19485
24337.74903,24355.15419
7525.936842,7471.364266
10041.34853,9971.76854
19756.44066,19725.92377
7801.235831,7770.029012
6232.184253,6348.871123
9979.212072,9917.837292
12639.14309,12517.1646
9405.94368,9343.516093
17541.00689,17415.64807
5512.950885,5556.063388
30652.45962,30762.45978
6361.433305,6452.644232
7309.989625,7284.010036
9797.468448,9699.267468
8015.412371,8054.39933
14506.0702,14545.13159
9633.25867,9595.985947
17005.26991,16943.40931
15143.06719,15092.32967
22120.28796,22423.01356
9291.631125,9313.590369
25568.1926,25383.95483
9844.287765,9760.289668
10073.98683,10124.47351
10239.96653,10118.03291
8777.903471,8818.287324
23544.88529,23483.75635
15743.08316,15795.04826
7428.721945,7356.205617
7673.430207,7644.231752
6444.942237,6516.222492
6153.83758,6241.146087
12110.08054,12128.49899
9446.870031,9479.329064
15237.22867,15336.97844
10047.9903,10061.59885
5877.585227,5937.93515
8943.720565,9047.173485
10102.76843,10058.92315
6774.836626,6824.574951
20874.84594,20966.60988
10540.24778,10439.9383
7165.110206,7202.4893
6651.3742,6744.821328
11395.49022,11354.96471
7199.434917,7232.910374
6203.145932,6313.50117
22240.23542,21963.84445
14192.55409,14288.64403
20981.51201,21258.80423
7565.050322,7502.643432
7113.482284,7097.851334
10153.57637,10025.27318
6693.670259,6769.526567
5951.134492,6040.564328
5772.047258,5869.257829
7360.268974,7279.630143
8775.441372,8852.567494
8367.758319,8410.069934
13915.22301,13981.53686
7024.573048,7005.129073
5948.604209,5999.356213
18591.41772,18559.8133
7089.674222,7118.433884
7469.217791,7374.506097
11870.05867,11942.42844
27951.41518,28625.35476
22068.38428,22040.69376
7876.380906,7873.040072
6201.340774,6275.171558
5565.799786,5606.975924
26268.08466,26561.4864
10242.82393,10038.7911
10509.58509,10570.99804
27333.32544,27312.38804
18986.82963,18925.12614
13331.3734,13264.75114
5325.838913,5324.583972
10426.23242,10272.37986
9127.479305,9110.429533
11533.66794,11619.24386
6032.314138,6121.764005
28213.69217,28108.30034
25026.08525,25297.84328
8606.074312,8685.586573
17425.1101,17633.96488
10622.10787,10565.20518
12050.68154,12028.33664
17398.61116,17354.64563
16478.71328,16083.73259
6154.742767,6262.163805
32472.7542,32187.15015
19778.27637,19754.44775
11983.73633,12001.72284
5887.24941,5912.062926
6443.775643,6529.836378
10279.22176,10230.82333
29996.46739,30166.88269
10124.60888,9957.830478
23172.65534,23135.15641
10738.70655,10758.64275
9096.369743,9148.993792
8434.43972,8536.543713
5984.583842,6061.719047
6010.871188,6031.788129
6419.360346,6493.09504
7875.635346,7965.454082
7078.799144,7051.937506
7520.511312,7454.12983
7314.793485,7245.212223
9636.924006,9764.268107
23681.15891,23567.00312
28370.39383,28321.51193
10156.53476,9961.048661
6705.532002,6781.446388
14961.15742,15012.53714
7892.917269,7894.923552
16373.26094,16424.9078
6695.719785,6746.95558
14283.0574,14324.06593
6592.379614,6673.396965
10415.1653,10250.27507
6568.859525,6668.477224
14915.56618,14942.77333
25862.22095,25860.7143
7148.59856,7112.726819
16567.75681,16523.7096
7311.231392,7271.12236
12036.12461,12077.11478
5947.013168,6011.281571
21772.82653,21747.05636
20182.47208,20224.87168
11475.8117,11550.06488
9703.457029,9775.571979
8917.075074,8976.902644
23731.17489,23703.30098
9242.565023,9327.933146
17828.19555,17833.06494
6004.238642,6061.710319
14046.12046,14170.76327
32594.37669,33108.13513
5530.356793,5547.101733
7500.594031,7457.082003
10760.15442,10664.06302
5991.119667,6040.559108
6427.357288,6511.753977
7508.34232,7512.663105
6063.703867,6110.259754
6994.41211,6978.515608
26200.83716,25953.5716
19125.60957,19190.00528
14686.58375,14753.75878
7678.87294,7665.129152
6972.068771,7013.764158
7109.366033,7053.882795
18916.70413,19067.76817
10164.80393,9994.595845
21134.05584,21084.20952
10535.01666,10523.72053
8200.355041,8249.713745
6992.270983,7015.752623
6353.613193,6453.426552
7441.793145,7433.376708
12550.50664,12529.39531
9333.966081,9393.763
26797.12594,26976.71826
13351.01363,13336.97143
11626.4942,11683.08173
20329.49846,20624.33326
10158.25141,9998.935629
9814.186005,9803.447845
11833.81807,11755.56935
5534.954627,5538.312585
6654.998372,6717.507513
14989.28571,15158.09825
17477.84517,17329.85667
29204.36082,29137.36901
25129.68244,25192.38301
16477.50689,16421.86269
5890.473182,5950.987904
6326.132724,6399.912693
7029.45244,7056.934267
5433.45267,5412.038821
5196.410464,5167.33496
9582.899613,9562.429689
8665.092553,8741.314416
5968.184645,6053.001173
9611.78968,9559.837655
6400.025611,6489.561218
9320.668385,9327.910218
9427.474448,9360.543241
6976.82838,7030.95792
7202.854585,7184.909745
13599.64008,13510.32714
6645.65363,6744.238653
5828.224394,5915.723273
14861.82033,14894.34765
11187.23631,11163.33955
19384.5708,19529.57495
14049.38187,14170.4043
10334.52311,10227.3271
10470.12422,10350.7923
7583.052192,7590.797565
6532.601733,6609.782337
7096.081242,7078.232095
7234.876408,7175.432207
6155.057805,6268.941524
25361.56079,25631.16119
6964.833959,6966.98321
28027.57043,28749.12396
9680.011353,9589.1638
6055.129925,6144.647816
7365.891226,7288.25768
14240.53388,14381.71362
5605.512604,5658.452509
5797.089678,5849.001467
10807.80091,10730.12097
15741.36928,15615.09355
20665.30165,20711.57984
5725.447658,5749.761507
22629.04958,22687.28563
14305.32087,14278.81901
7109.164952,7132.037529
7720.479927,7716.530853
11280.93181,11317.5805
8169.031857,8188.844706
6591.787516,6663.224988
5998.781366,6046.375316
24069.36259,24053.01625
14975.80549,15085.35178
8095.164864,8155.386451
6970.416683,6964.750508
6732.354205,6776.204664
10343.26634,10220.6361
6099.330095,6174.10688
15412.95358,15538.24178
7981.420365,8046.540495
16998.95031,16765.18418
6571.250886,6623.461182
33653.39704,33273.12313
16374.11885,16305.62945
9966.830244,9977.278812
16110.85021,15850.68102
20803.29181,20960.54143
6194.36489,6278.613401
6804.098477,6816.66085
8005.679744,8047.727622
6591.332609,6663.32264
5916.423147,5957.884882
23728.85385,23563.95692
6102.578844,6190.123743
9149.142874,9182.865822
7111.656316,7102.451136
13231.63435,13057.6254
5829.604782,5906.433129
13044.48044,12953.25038
21515.44662,21652.67411
5329.037893,5354.184069
6425.69328,6494.498973
13663.38245,13627.92635
10297.64976,10256.03244
9828.98813,9650.199721
6753.941386,6788.932031
10621.37142,10448.17552
8469.568759,8545.687647
8221.193936,8307.468446
5838.051661,5859.80889
5943.122196,6063.221161
15670.37815,15641.95156
9107.7304,9199.542143
11817.21122,11838.7392
7075.306913,7126.397539
7468.586331,7414.919455
17549.62379,17422.92806
6080.466203,6159.995356
10328.07011,10186.25709
29409.20586,29221.18737
14349.10167,14456.23798
10542.538,10430.64028
8099.621905,8169.549589
11172.2051,11146.47731
5868.788389,5962.12924
6911.117873,6958.379094
8140.009639,8174.152458
7453.204574,7417.05026
31351.03256,31630.5475
6123.73503,6159.525068
9399.920164,9416.311915
6639.99412,6742.103518
16373.42816,16551.31569
18454.02533,18395.81401
10953.83414,10944.90544
6162.900033,6217.328514
24216.3514,24241.81539
7997.141079,8057.995342
13920.14634,13924.50907
18450.6865,18558.88876
6944.355536,7013.443162
7189.37913,7144.573638
6419.398346,6510.01109
12919.22398,12831.54839
11415.10824,11410.90442
6394.319336,6481.669838
8067.026111,8113.521712
5681.046524,5717.081939
26916.76724,26815.41408
5480.895853,5496.908864
6346.770999,6452.780942
5509.301013,5501.014559
8423.291525,8477.341632
13343.6897,13240.82384
7248.149133,7188.348837
9398.066579,9367.157859
24795.11228,24450.30035
11509.22118,11492.41896
9827.487437,9966.750479
11023.18342,10995.57824
20711.5958,20865.63232
11245.84631,11388.5576
6227.47088,6298.946735
16668.46197,16584.89136
7866.181562,7923.319415
10868.02158,10840.50649
9548.252023,9532.092186
12881.12035,12830.73608
16696.34428,16874.23042
16357.72187,16406.41319
15111.33949,15187.90661
5128.085623,5012.892421
19725.72616,19828.47321
12839.15884,12704.04194
23942.29527,23833.49259
21872.65243,21879.00257
18880.20132,18731.96858
6110.327851,6211.896673
5513.417873,5560.765605
13497.92983,13350.44912
7775.709414,7863.676045
6164.818349,6247.129396
6361.413681,6434.996741
5658.369777,5666.931042
11116.27548,11173.3761
11500.38224,11621.59779
22239.68409,22116.98356
7692.912199,7704.857669
14588.2302,14694.10559
6876.164222,6869.304808
15945.23432,15866.93321
13344.68763,13457.87754
22039.97718,22244.9465
7350.357978,7354.470722
29359.50874,29202.78418
28017.0632,28108.09758
9321.394525,9319.202025
5605.64178,5600.519933
17973.00527,17954.10645
6123.26161,6211.474667
10080.98517,9854.020794
19839.80446,19834.61021
6422.65996,6523.927228
10241.72737,10124.50794
14198.07998,14192.08461
5911.167755,5939.146567
9032.935397,9018.803313
13198.16142,13074.03139
22954.14519,23044.74187
6265.137105,6348.685912
20239.88229,20378.61439
5679.516537,5718.47139
9218.024828,9324.22082
17685.25823,17713.53255
6008.862546,6041.95231
8006.197703,8034.839322
7816.787584,7785.830612
7171.595659,7174.271982
6462.534333,6527.160909
7597.566546,7556.491761
6097.590125,6157.321821
8391.298973,8468.647281
20416.71353,20310.62477
14486.03426,14626.4956
9816.783743,9645.118894
10222.68391,10054.24055
9656.45316,9536.940039
16547.13089,16597.60975
5908.348946,5950.234781
10555.92901,10561.59625
7303.432749,7242.105075
8177.049226,8279.196262
9372.367303,9367.885574
8604.039281,8722.162731
9987.283877,9937.66209
9369.826518,9473.033986
12290.04869,12450.95854
12416.53141,12414.19269
31155.36317,31076.43131
22996.39622,22699.17465
5614.778296,5619.788547
7896.559043,7965.471892
12798.23207,12764.16521
17448.91408,17491.0247
12213.79503,12092.69556
7166.757204,7134.868972
7082.972518,7068.830244
30555.82955,30372.08496
9054.037808,9042.266495
7710.240226,7691.057752
11571.22492,11672.43894
6045.415408,6112.033848
7184.526643,7152.053525
15255.10292,15204.30813
6920.17851,6937.365393
16559.11885,16615.1552
24544.06441,24283.27379
